{
    "alternate_url": "", 
    "author": "8bitrocket", 
    "author_link": "https://www.mochimedia.com/community/profile/8bitrocket", 
    "categories": [
        "Action", 
        "Other", 
        "Rhythm"
    ], 
    "category": "Action", 
    "coins_enabled": null, 
    "coins_revshare_enabled": null, 
    "control_scheme": "{\"fire\": \"space\", \"jump\": \"na\", \"movement\": \"na\"}", 
    "controls": [
        [
            "fire", 
            "space"
        ], 
        [
            "jump", 
            "na"
        ], 
        [
            "movement", 
            "na"
        ]
    ], 
    "created": "2010-02-18T22:47:48-08:00", 
    "description": "Tunnel Panic is very simple game. As your ship flies through the retro, 8-bit tunnel, simply press the space bar to move it up. Dodge everything and stay alive for as long as you can. You get more points the longer you make it through the tunnel.", 
    "developer": "8bitrocket", 
    "developer_url": "https://www.mochimedia.com/community/profile/8bitrocket", 
    "feed_approval_created": null, 
    "game_tag": "715a5bc33b9b79e8", 
    "game_url": "http://www.mochimedia.com/games/tunnel-panic", 
    "height": 400, 
    "instructions": "Your ship moves from left to right automatically. It will move down and crash unless you press the space bar to move it up.", 
    "key_mappings": "", 
    "leaderboard_enabled": true, 
    "name": "Tunnel Panic", 
    "rating": "Everyone", 
    "recommendation": 0, 
    "recommended": false, 
    "resolution": "600x400", 
    "screen1_thumb": "http://thumbs.mochiads.com/c/g/tunnel-panic/screen1_thumb.png", 
    "screen1_url": "http://thumbs.mochiads.com/c/g/tunnel-panic/screen1.png", 
    "screen2_thumb": null, 
    "screen2_url": null, 
    "screen3_thumb": null, 
    "screen3_url": null, 
    "screen4_thumb": null, 
    "screen4_url": null, 
    "slug": "tunnel-panic", 
    "swf_file_size": 1080245, 
    "swf_url": "http://games.mochiads.com/c/g/tunnel-panic/tunnelpanic.swf", 
    "tags": [
        "Retro", 
        "Classic", 
        "Evloved", 
        "Scrolling"
    ], 
    "thumbnail_large_url": "http://thumbs.mochiads.com/c/g/tunnel-panic/_thumb_200x200.png", 
    "thumbnail_url": null, 
    "updated": "2010-02-23T14:05:04-08:00", 
    "uuid": "47872c2f-0430-3fab-95e4-3e390d8e09a3", 
    "video_url": null, 
    "width": 600, 
    "zip_url": "http://cdn.mochiads.com/c/g/tunnel-panic.zip"
}